Bovine_meat,Meat_Other,Mutton_Goat,Pigmeat,Poultry_meat
163.5957874,3.687787766,184.8125937,10.72929543,7.055427252
